{"cameraMode":{"drawMode":0,"name":"Shaded","section":"Shading Mode"},"sceneLighting":false,"audioPlay":false,"sceneViewState":{"showFog":true,"showMaterialUpdate":false,"showSkybox":false,"showFlares":true,"showImageEffects":true,"showParticleSystems":true},"in2DMode":false,"pivot":{"x":1.017578125,"y":1.548055648803711,"z":0.54296875},"rotation":{"x":0.004208689089864492,"y":0.9929811358451843,"z":-0.03725450113415718,"w":0.11219266802072525},"size":5.6182756423950199,"orthographic":true}