{"cameraMode":{"drawMode":0,"name":"Shaded","section":"Shading Mode"},"sceneLighting":true,"audioPlay":false,"sceneViewState":{"showFog":true,"showMaterialUpdate":false,"showSkybox":true,"showFlares":true,"showImageEffects":true,"showParticleSystems":true},"in2DMode":false,"pivot":{"x":0.9763455390930176,"y":1.0669759511947632,"z":-1.1681345701217652},"rotation":{"x":0.2478918582201004,"y":0.0011221944587305189,"z":-0.0002738934417720884,"w":0.9687989354133606},"size":12.970290184020996,"orthographic":true}