{"cameraMode":{"drawMode":0,"name":"Shaded","section":"Shading Mode"},"sceneLighting":true,"audioPlay":false,"sceneViewState":{"showFog":true,"showMaterialUpdate":false,"showSkybox":false,"showFlares":true,"showImageEffects":true,"showParticleSystems":true},"in2DMode":false,"pivot":{"x":0.0,"y":1.975000023841858,"z":-4.76837158203125e-7},"rotation":{"x":0.020112348720431329,"y":-0.9798129200935364,"z":0.13458429276943208,"w":0.14653484523296357},"size":19.214502334594728,"orthographic":true}