{"cameraMode":{"drawMode":0,"name":"Shaded","section":"Shading Mode"},"sceneLighting":false,"audioPlay":false,"sceneViewState":{"showFog":true,"showMaterialUpdate":false,"showSkybox":false,"showFlares":true,"showImageEffects":true,"showParticleSystems":true},"in2DMode":false,"pivot":{"x":0.05126953125,"y":-0.155029296875,"z":0.5791015625},"rotation":{"x":-0.05311737582087517,"y":-0.916630744934082,"z":0.13010837137699128,"w":-0.37421879172325137},"size":4.754555702209473,"orthographic":true}