{"cameraMode":{"drawMode":0,"name":"Shaded","section":"Shading Mode"},"sceneLighting":true,"audioPlay":false,"sceneViewState":{"showFog":true,"showMaterialUpdate":false,"showSkybox":true,"showFlares":true,"showImageEffects":true,"showParticleSystems":true},"in2DMode":false,"pivot":{"x":0.9763455390930176,"y":1.0669759511947632,"z":-1.1681345701217652},"rotation":{"x":0.13930563628673554,"y":-0.27424031496047976,"z":0.04019828513264656,"w":0.9506806135177612},"size":7.916579246520996,"orthographic":true}