{"cameraMode":{"drawMode":0,"name":"Shaded","section":"Shading Mode"},"sceneLighting":false,"audioPlay":false,"sceneViewState":{"showFog":true,"showMaterialUpdate":false,"showSkybox":false,"showFlares":true,"showImageEffects":true,"showParticleSystems":true},"in2DMode":false,"pivot":{"x":-0.16738465428352357,"y":-0.03435675427317619,"z":2.939499855041504},"rotation":{"x":0.15850871801376344,"y":-0.3372461795806885,"z":0.05771645903587341,"w":0.9261795878410339},"size":4.465600967407227,"orthographic":true}