{"cameraMode":{"drawMode":0,"name":"Shaded","section":"Shading Mode"},"sceneLighting":false,"audioPlay":false,"sceneViewState":{"showFog":true,"showMaterialUpdate":false,"showSkybox":false,"showFlares":true,"showImageEffects":true,"showParticleSystems":true},"in2DMode":false,"pivot":{"x":0.09988951683044434,"y":2.1989927291870119,"z":-0.18158245086669923},"rotation":{"x":0.09794186800718308,"y":0.7714171409606934,"z":-0.12251245230436325,"w":0.6166996359825134},"size":11.483528137207032,"orthographic":true}