{"cameraMode":{"drawMode":0,"name":"Shaded","section":"Shading Mode"},"sceneLighting":true,"audioPlay":false,"sceneViewState":{"showFog":true,"showMaterialUpdate":false,"showSkybox":true,"showFlares":true,"showImageEffects":true,"showParticleSystems":true},"in2DMode":false,"pivot":{"x":-26.391023635864259,"y":0.5246973037719727,"z":25.54108238220215},"rotation":{"x":0.26834189891815188,"y":-0.12098243087530136,"z":0.033991243690252307,"w":0.9550918936729431},"size":3.5111303329467775,"orthographic":true}