{"cameraMode":{"drawMode":0,"name":"Shaded","section":"Shading Mode"},"sceneLighting":false,"audioPlay":false,"sceneViewState":{"showFog":true,"showMaterialUpdate":false,"showSkybox":false,"showFlares":true,"showImageEffects":true,"showParticleSystems":true},"in2DMode":false,"pivot":{"x":4.930003643035889,"y":1.499999761581421,"z":16.192001342773439},"rotation":{"x":0.0017134756781160832,"y":-0.9851806163787842,"z":0.009851680137217045,"w":0.171236053109169},"size":3.2742786407470705,"orthographic":true}