{"cameraMode":{"drawMode":0,"name":"Shaded","section":"Shading Mode"},"sceneLighting":false,"audioPlay":false,"sceneViewState":{"showFog":true,"showMaterialUpdate":false,"showSkybox":false,"showFlares":true,"showImageEffects":true,"showParticleSystems":true},"in2DMode":false,"pivot":{"x":-1.53662109375,"y":0.95849609375,"z":0.20733642578125},"rotation":{"x":0.1835586428642273,"y":0.6554203629493713,"z":-0.1687537431716919,"w":0.7129238843917847},"size":3.434811592102051,"orthographic":true}