{"cameraMode":{"drawMode":0,"name":"Shaded","section":"Shading Mode"},"sceneLighting":false,"audioPlay":false,"sceneViewState":{"showFog":true,"showMaterialUpdate":false,"showSkybox":false,"showFlares":true,"showImageEffects":true,"showParticleSystems":true},"in2DMode":false,"pivot":{"x":0.0008138418197631836,"y":0.8901546001434326,"z":0.14688652753829957},"rotation":{"x":-0.0659768134355545,"y":-0.9059288501739502,"z":0.15364433825016023,"w":-0.3890172839164734},"size":6.643063545227051,"orthographic":true}